time,ardx,arsx,ca,iedx,iesx,iidx,iisx,inlet,sma
0.005,0.442432200472522,0.47001061101563424,1.0354281406351098,4.218900988844811,3.066371826883427,5.289555275271508,3.581899833011328,-25.63058214902013,1.1523863159356873
0.01,0.5492903082309853,0.6348581426000717,1.1417082559902918,5.243857209762027,4.018627842883525,6.830604711535807,4.522805659547956,-25.826784439854084,1.2916334509886165
0.015,0.5672415611017814,0.6705795525622444,1.1105121629361976,5.513385914937629,4.385582049772448,7.364633722318611,4.814535918539727,-26.089240190690223,1.2644197494987783
0.02,0.569279380633724,0.6775418975255165,1.08471296278182,5.618430997201863,4.573060982357395,7.61188629357017,4.948626758916237,-26.423428338916004,1.2403017447660876
0.025,0.5733415909884413,0.6840012241269788,1.0802515058396398,5.701916116493333,4.703283378352419,7.780766254755573,5.050880571621205,-26.838185354305693,1.2388479203464162
0.03,0.5830084775745732,0.6962696301473079,1.0938153636960037,5.798956017059824,4.81905681435242,7.939150292353016,5.155847248293747,-27.348819283161617,1.2564912688364709
0.035,0.5981894909242093,0.7148172763057987,1.1209836387935506,5.919726065208998,4.938825280470624,8.113900764273168,5.275442678402024,-27.972015248335588,1.2885740321520853
0.04,0.6188827285242798,0.7398483615015815,1.1601077511921096,6.0705437545829595,5.073613658476811,8.320516850664765,5.41718995899568,-28.734707181112352,1.3336151293833467
0.045,0.6455024388945386,0.7719503585694504,1.2113291731289428,6.257612323262784,5.231766217774394,8.57087366841124,5.587839237510774,-29.669010940565457,1.392040291500534
0.05,0.6786393201142371,0.8118506875851188,1.2755379841695929,6.488135515317392,5.4210199897488565,8.876409109256201,5.794587612937078,-30.811204746076065,1.4650002430986826
0.055,0.7195410552676593,0.8610770242178797,1.355017379542332,6.7712592456648775,5.649774767330091,9.250102921579042,6.0460343549673325,-32.20798491206831,1.5551721083772383
0.06,0.7691719398613693,0.9207803806224067,1.4515536811042167,7.116284404006605,5.9263124274314904,9.704895123422004,6.350786866402208,-33.90440640530048,1.6646200850472062
0.065,0.8285716095284803,0.9921926207119989,1.5671077851960098,7.533498342232429,6.259494564687726,10.254820796403795,6.718208483045431,-35.94949356661557,1.7955990148285201
0.07,0.8989859447879477,1.0768219224241962,1.7039904723889572,8.033502665350836,6.658336300314651,10.914214801704103,7.157884263329748,-38.39450753183994,1.9507711000144994
0.075,0.9808071184211162,1.1750943654893113,1.8628745882836493,8.625296892384165,7.130807395697997,11.695525764686604,7.678025482632777,-41.279352884245114,2.1309212895885037
0.08,1.0748104781232481,1.2879409677461635,2.04513202928581,9.317948122543482,7.684792487434137,12.611055132838032,8.286852674011257,-44.64619477891417,2.337662919859087
0.085,1.1812071319338477,1.4156052699705384,2.251001940130353,10.118056839341234,8.326389312580858,13.669933915867805,8.990463858317247,-48.52397610972438,2.5713178853577547
0.09,1.299496624336244,1.5574362312353562,2.4793760765736916,11.029803631247482,9.059891905382681,14.878090602350145,9.792846984318356,-52.927616991646104,2.8306749874491177
0.095,1.4298113457462853,1.7136249803475625,2.7303032870576303,12.056386801222194,9.888548795722675,16.239667206600974,10.697057186512723,-57.87127215533022,3.1158726079600196
0.1,1.5707578075277633,1.882452877781473,3.0009002128162217,13.195866769700942,10.811874723991687,17.752219492027628,11.701720082173955,-63.33946981158799,3.42367790817363
0.105,1.7212948682665246,2.0626527995458694,3.28901185938242,14.445384555852108,11.828302179220277,19.41145990660178,12.804531157818031,-69.31434289024243,3.7517056327254013
0.11,1.8810850814973843,2.253906838034241,3.5937495279873763,15.800123891483711,12.934378095920511,21.209899108318787,14.001382402102156,-75.77354109912936,4.099016227506288
0.115,2.0437462643133424,2.448265338732198,3.9026962310765647,17.24088440335222,14.116812909959476,23.122672895812357,15.27592236497927,-82.60246446962228,4.451464159133267
0.12,2.2148805402347884,2.65303289259115,4.226303940045581,18.76659047334521,15.3727649500328,25.144093819854195,16.626716534003304,-89.82554424921814,4.821161170549988
0.125,2.3893335042919084,2.8614823416666395,4.555266645112401,20.36725228878637,16.694863803946056,27.259606068797584,18.04494040861207,-97.36992518288557,5.19718020863964
0.13,2.564927799448345,3.071250285357218,4.884804608786782,22.023397731785742,18.068122121795245,29.441897958205445,19.513659094274395,-105.1423286993232,5.574269188890327
0.135,2.7388991599577657,3.2789483355917466,5.209695797565436,23.716766478629665,19.477937905424845,31.664742875536785,21.01682248404601,-113.05027608987874,5.946463147709802
0.14,2.910172950756065,3.483384068027708,5.527911906427207,25.43047625949219,20.91013009503938,33.90337078499663,22.539488764618184,-121.01640965703743,6.311474934634804
0.145,3.076234493031058,3.681523780041884,5.834735646251742,27.14430109398123,22.348137694168962,36.12959846643486,24.063914350204804,-128.94232548910318,6.663880090515705
0.15,3.235013163795644,3.870883972515761,6.126370972068774,28.838773560368068,23.77567304930494,38.31683566729458,25.57299345152642,-136.7358526718544,6.99930894198441
0.155,3.384701091000152,4.049344536470966,6.399487481408478,30.49354890664513,25.175646531931303,40.43851622257223,27.048917994416342,-144.30406853912484,7.313905896629004
0.16,3.5228490497135425,4.213945627913045,6.6496113776171,32.087087478697704,26.530124004641536,42.468317851668154,28.472932566754732,-151.5473308726773,7.602463044214641
0.165,3.6478368752907753,4.362776735216765,6.873882509653943,33.599313951967545,27.8220359312126,44.38350670263621,29.827573205157222,-158.37855759863885,7.861631823473873
0.17,3.7574482314231465,4.493181200279018,7.0682753043400135,35.0084625531824,29.033138960289264,46.16122254187016,31.094024361145465,-164.7024944491157,8.086741432345667
0.17500000000000002,3.8500112315162474,4.603157588523125,7.229868008970334,36.29490557667071,30.146473307047938,47.78204324654391,32.25522617369811,-170.43609886616812,8.274413873366763
0.18,3.9241924311333514,4.69113015782326,7.356347454337355,37.440662665274054,31.14597348769052,49.22769042274054,33.2952802669903,-175.503268294266,8.421991556212568
0.185,3.9784896350406695,4.755287366723978,7.445055015072174,38.42929460546098,32.01643014155121,50.47893205023429,34.19912975101154,-179.8290494551203,8.526431038534701
0.19,4.012339389381179,4.794975533340926,7.495131285242339,39.24886342768683,32.7456688327344,51.51800238581937,34.95496700480233,-183.3567047547164,8.586757037744183
0.195,4.025469211212912,4.809898226262154,7.50623709997858,39.88996397122192,33.32384156153332,52.327504665602326,35.55290952358339,-186.03839539781552,8.602571287611795
0.2,4.017670704444771,4.799796626696725,7.478201509905763,40.34532847481485,33.7440246774622,52.89449606180523,35.98553303969662,-187.83870201753342,8.573651099614398
0.20500000000000002,3.9895411075816076,4.765436035288673,7.412345604065416,40.60952618964144,34.00225118091796,53.213552518195385,36.24820106247044,-188.74234006076745,8.501486530313024
0.21,3.9414700368683433,4.707291093089365,7.309553904399537,40.67801830735562,34.09659695040425,53.28481731126835,36.33795317778308,-188.7427623033328,8.387061689985838
0.215,3.874564476095593,4.626709245977788,7.172045533225453,40.55057386673866,34.02882490991664,53.11457766137515,36.25560971310997,-187.85583212537978,8.232926884103547
0.22,3.7905701657959057,4.525838430337441,7.003132179512253,40.23081318252511,33.80354991327391,52.71160834796622,36.00479771090105,-186.11322606370229,8.042916301112221
0.225,3.690273027477527,4.405563477713148,6.804262201482347,39.72503936516298,33.427096294789166,52.08299373591943,35.59054911187269,-183.54453501689028,7.818757978058047
0.23,3.578770382322988,4.272173691296774,6.585138920350582,39.0528258145032,32.91419070710967,51.24654468939683,35.02840439321016,-180.24970084630598,7.571652427030936
0.23500000000000001,3.4533527922742384,4.122081107041244,6.340455803570678,38.220417489391124,32.27134824557768,50.205614140492386,34.323059643086474,-176.23189950031485,7.295570467323815
0.24,3.3186730521226226,3.9611576113300426,6.078824964541436,37.24362683499456,31.510719969663082,48.97934368342392,33.487996499411295,-171.58090611529514,7.000563686892613
0.245,3.175718714432973,3.790397411665686,5.802362394414256,36.13744249047584,30.64414712133009,47.59104590419561,32.53639772933178,-166.36640366832174,6.688892086666463
0.25,3.0264290004276986,3.612145277752603,5.514806749408065,34.917996600811314,29.683237282047603,46.0643876425477,31.48190829635901,-160.66557528134393,6.3646646163035285
0.255,2.8719733086669494,3.427758860778554,5.2185074858164535,33.60144858766636,28.63879490124372,44.418057250511026,30.33738819167081,-154.5441964549216,6.030268046987233
0.26,2.7137290162799688,3.238864054757644,4.916242845134203,32.204733115180275,27.522071662117707,42.66819740117202,29.116207707141378,-148.06859476452667,5.688549131028178
0.265,2.5528412894628816,3.046819351351086,4.610291180745052,30.742942670165135,26.34366220411369,40.82882176579743,27.830722656902736,-141.29793067040282,5.341829703137925
0.27,2.3901399285409672,2.8525926991217245,4.302254716014821,29.229046375254384,25.113409037680906,38.91283291229775,26.49212537848738,-134.28417040477478,4.9917695124985855
0.275,2.2264162245101944,2.657121595971779,3.993577585174444,27.674445126927928,23.8405810338517,36.932549936214016,25.11075033118009,-127.07541158705288,4.639969925655871
0.28,2.0624638574959957,2.4613653465532375,3.6856573366730427,26.08901315969495,22.5337693925956,34.89979654146844,23.69603736518273,-119.7161593639972,4.288056542857781
0.28500000000000003,1.898830889468036,2.2659713657120215,3.379437923944055,24.481175091007064,21.200871909754593,32.82620005523114,22.256489795134648,-112.24614291888989,3.937166053860069
0.29,1.7362971710028645,2.07188563458673,3.0763060987275015,22.85890096587717,19.849603730998325,30.723934221208495,20.800319352860207,-104.70621365284899,3.5889666325672716
0.295,1.5757335478350252,1.8801597338748366,2.777853468077684,21.23009209330766,18.487712756508643,28.605924704830876,19.335705506530047,-97.13854879065079,3.2453671173743173
0.3,1.418053238842115,1.691895718464052,2.485779105896222,19.60310953046611,17.123223600787647,26.485721412050278,17.871090844105115,-89.58727295541016,2.90839962575732
0.305,1.2645204554167127,1.508628652472491,2.2024591138633167,17.987887795762393,15.76506602044196,24.37782962839018,16.415986221004616,-82.10325622895756,2.580878455690768
0.31,1.116482597057526,1.3319838263102752,1.9304159989669338,16.395384466884735,14.422776515825976,22.297240165303773,14.980601685715584,-74.74068005801793,2.2657949133580457
0.315,0.9752509183610526,1.1635248109970813,1.672103345042467,14.837544912315941,13.106563494646522,20.2598545614114,13.57591206508711,-67.55682728610805,1.9660732917992438
0.32,0.8425589294518259,1.005350120296775,1.4307566544029566,13.327925566839458,11.827613514328885,18.282994854584814,12.21411749764665,-60.61684683989402,1.685529818547143
0.325,0.7196695844985931,0.8589637289435781,1.2086872796257424,11.87967067858422,10.596797610465883,16.38335264529355,10.906972751922615,-53.98103413070886,1.4269199691652035
0.33,0.6077810392933843,0.7257775076535574,1.008087369451574,10.50624089011016,9.425197499710809,14.57826992265313,9.666463996659585,-47.71067596900122,1.1928578550389242
0.335,0.508453519501091,0.60769073902638,0.8317785806892893,9.221026233963379,8.3237370696886,12.885115977223872,8.504432442411256,-41.86891052661252,0.9866760720379123
0.34,0.4214072970779995,0.5042807740089681,0.679059809322488,8.033205419231543,7.300456587429107,11.316381327567765,7.429016281124701,-36.49145206721085,0.8076446607696974
0.34500000000000003,0.3502897818602896,0.4200407281731389,0.5569035873119336,6.961150027000163,6.369215815915279,9.895103685466609,6.455912591422251,-31.672387419330057,0.6637712725777325
0.35000000000000003,0.2883784799794151,0.34652502353961095,0.4520247846148971,5.997035784490194,5.52662021875343,8.613922997987293,5.578793882498671,-27.34320664642347,0.5399055590930798
0.355,0.2403720455780041,0.2897755225438593,0.37310340171802214,5.1506900642215605,4.7795291265332684,7.484505695340626,4.80589159650908,-23.57005123193019,0.44618384982718
0.36,0.20376989095963494,0.246528692294938,0.31545503011142095,4.421800456682932,4.128667847113379,6.507594296644945,4.137023398864712,-20.3379306615716,0.37709109912394423
0.365,0.17811732883629847,0.2162813113993447,0.27802685360468293,3.8096404922879445,3.5739864028218786,5.683016166025955,3.5716180497727397,-17.642146771606622,0.3314602092515865
0.37,0.16181892919832264,0.1971085869700147,0.25757481094922785,3.3081810508602523,3.111582026678842,5.004136188124633,3.1046358017153106,-15.4506254580844,0.30558812407953295
0.375,0.15324009313419057,0.18702373134837436,0.2508863213547746,2.909788555150504,2.7360994108668284,4.462033927923056,2.7296274997587258,-13.724502338504273,0.29580286308670356
0.38,0.15144475068330718,0.18495367978676724,0.2560778198461814,2.6059990741397643,2.441217156068792,4.046262941361454,2.4393911077915735,-12.425307738613736,0.299961275052695
0.385,0.1548275849336908,0.18896497013638527,0.2700504521698945,2.386106008625884,2.218898842187556,3.74336899730391,2.22480455741437,-11.501520841259394,0.3144994926399135
0.39,0.1625135956129472,0.1980356195730445,0.29116873960175776,2.240528878860589,2.0616359295215343,3.540892260569474,2.077658391665448,-10.909962347198364,0.33752899750457344
0.395,0.17384593039365798,0.2114181150539659,0.31822207986947376,2.1598156101036334,1.9618858535965138,3.426373458744925,1.9898289613926945,-10.60902214385156,0.36763220179337186
0.4,0.18805295693525903,0.22818562964207284,0.34985056791296953,2.135255607695195,1.9126004994745731,3.3882652457031566,1.9537826199901942,-10.559192491991778,0.4031994291763097
0.405,0.20519533060537062,0.2484535513824431,0.3862989349443288,2.160669129029748,1.908401986155305,3.4180369653405,1.9640623758826643,-10.73557881813854,0.44446060438206536
0.41000000000000003,0.22510786614444145,0.27203368282658047,0.42738499347364434,2.2306492667839084,1.94454840541752,3.5082775181698698,2.015829441288391,-11.114971405890339,0.4911402915188374
0.41500000000000004,0.24789647037716733,0.29905587133371403,0.4734712092687652,2.3420022911936904,2.0179247431652483,3.6544143678035743,2.1060893015880136,-11.68444245605751,0.5435882609642643
0.42,0.27399743992509934,0.3300698485372756,0.5255074762776532,2.4931628031177357,2.1266625217267645,3.854015592955426,2.2332287171645553,-12.439482869246138,0.6028385080214631
0.425,0.3033650318952677,0.36500063902567437,0.5835134923917636,2.682854739255962,2.2693188548025787,4.105279288991685,2.3959100618798157,-13.37410285045031,0.6688607872204945
0.43,0.33633149770952725,0.40425392474917426,0.6482013065146458,2.9112729121528056,2.445575651957422,4.408283972510712,2.5940653901724158,-14.49042643105563,0.7424418242638486
0.435,0.37283465474744143,0.4477499694896533,0.7194687724325055,3.1778654446170416,2.6547555853706704,4.762347531407839,2.827043287361285,-15.785515231799653,0.8234500329742965
0.44,0.4124726419587773,0.4949780536247309,0.7965573297011971,3.481558071004376,2.8959180768457866,5.166214430455714,3.093784659948421,-17.25250259254408,0.9110193818073882
0.445,0.45509597617025943,0.5457739094343148,0.8791317613648922,3.82087901566967,3.1678081583303714,5.618031262311539,3.3929095059535004,-18.884426006802155,1.0047964758384804
0.45,0.49961476369442576,0.5987940266772837,0.9650395591003751,4.191629520527405,3.467315702949353,6.1126342414207615,3.7207455753009793,-20.65812470219484,1.1023513675945684
0.455,0.5453756760899373,0.6532551933145141,1.0529768820917669,4.589622733318356,3.7911546540685293,6.644602122670484,4.073591725495047,-22.552824623966394,1.2022456932952086
0.46,0.5903738960960364,0.7067348871753162,1.1389201126557926,5.004867356437355,4.131903056890725,7.201341666603442,4.44281038094485,-24.516908248279687,1.2999569502545338
0.465,0.6358497848721625,0.7608128785933401,1.2253375911586362,5.435597954214886,4.487342330487287,7.779594437530033,4.826588281472594,-26.54945834011845,1.398335136311333
0.47000000000000003,0.6787024972133814,0.8116340704390095,1.306239326927796,5.870235633361018,4.848911112055893,8.364841579080121,5.214882262623594,-28.58597733665961,1.4905308971290847
0.47500000000000003,0.7185999815129017,0.8588947862439481,1.3808919002410813,6.300222782669277,5.20952879019578,8.945500047712596,5.600071185422446,-30.5895131841948,1.575803769623628
0.48,0.7543795855190416,0.9011916794204274,1.447088508455436,6.715668018452941,5.5611672666889564,9.508430998910281,5.9733767713500185,-32.51294984710488,1.6516470619436485
0.485,0.7855693305640958,0.9379797039583735,1.5039966229812611,7.1085303679696965,5.896956705028081,10.04266349565882,6.32754759604782,-34.32036612695424,1.7171223547841323
0.49,0.8118269113551329,0.968873229561517,1.551030564123237,7.47143143822354,6.210516503226731,10.538137662147772,6.655909575057809,-35.97928550370038,1.7715596660790855
0.495,0.8328435034559862,0.9935023123273693,1.587711635805387,7.798284262170126,6.496471497179825,10.986536746881338,6.952922307751787,-37.46266760226186,1.8143953886778688
0.5,0.8489758631854081,1.0123263550657118,1.6148405811857156,8.085509978988586,6.751271864242691,11.382703395807223,7.215212024104138,-38.75736531532931,1.8465253212751835
0.505,0.8603948495346259,1.0255515212965565,1.6328675473427516,8.33064915188021,6.972370409712672,11.72310401426327,7.44041614380158,-39.85377744132914,1.8684238716814743
0.51,0.8676515335624526,1.0338466790119218,1.6429826611744471,8.533681603499202,7.159076628545671,12.007316734366519,7.628271998307694,-40.75423375242508,1.8814059545049218
0.515,0.8714378511098595,1.0380542690898502,1.646619953898656,8.696196719632518,7.312009773922226,12.237016892879312,7.779912474224664,-41.46830327974226,1.8870554074734796
0.52,0.8721796272066862,1.0386690917944008,1.6446982918704989,8.820649891776299,7.432619307646741,12.415086546607238,7.897235780124424,-42.00749456745637,1.886356095216209
0.525,0.8706553091934883,1.0366339763277685,1.6387848490581804,8.911082937695548,7.523598810091801,12.546358068962967,7.983516445627497,-42.391670643323614,1.8810403113146912
0.53,0.8673184030757262,1.0324826422348283,1.6297947211958606,8.97145882923549,7.587813845040635,12.635722753303517,8.042041637229454,-42.63872510820343,1.8720923416254467
0.535,0.8625404565033162,1.0266459274208473,1.6184703009573904,9.005923641469348,7.628444309959023,12.688452041378625,8.076357967376271,-42.76714692041238,1.8603123139667654
0.54,0.8567033202280789,1.0195836313644018,1.6055274295709112,9.018270982751798,7.648570155231021,12.709559950634912,8.08983617529143,-42.794542595812636,1.8464910059949624
0.545,0.8498493612830785,1.0113293420854002,1.591017239689836,9.011273591923963,7.650713263154056,12.703063920169395,8.085109036455005,-42.7330287671396,1.830673095930575
0.55,0.8420852506595822,1.002005806217384,1.5750992749425905,8.987299850777696,7.6371646946615375,12.672624340376228,8.064559081555638,-42.59389009214489,1.813051863056894
0.555,0.8334043309284171,0.9916058823046333,1.5576892224624463,8.947677155763444,7.609494097788672,12.62069754962889,8.029733719697983,-42.38386057599996,1.793558682107131
0.56,0.8236058251534357,0.9798738773107918,1.538345299083046,8.89297721083125,7.568695749757028,12.548738750067967,7.981519531407952,-42.105478937660955,1.7717227551651151
0.5650000000000001,0.8127782048393195,0.9669265458098943,1.5171751117032848,8.82386221571647,7.515672622796362,12.458011056211138,7.9207997755800985,-41.76293643074019,1.7477109714743981
0.5700000000000001,0.8008187281501133,0.9526390284408828,1.493926849796607,8.74033724675008,7.450767317398641,12.348687974227206,7.847811369355362,-41.35625882809999,1.7212703853151217
0.5750000000000001,0.7878719393789634,0.9371798006681377,1.4688756056720076,8.64339980279964,7.374897882524792,12.221892465368828,7.763533895666483,-40.89038944272501,1.6927381230077054
0.58,0.7737152555635957,0.9202811085267749,1.4415343648790102,8.532520892190737,7.287872240696151,12.076882341401646,7.667594662982438,-40.361986188712336,1.6615853865065882
0.585,0.7587920910254726,0.9024864794871258,1.4127710903164048,8.409138794087442,7.190725393477863,11.915314460352427,7.561200575611247,-39.779241649266076,1.6288128301960656
0.59,0.7433572908624372,0.8840947122246453,1.3831008444116584,8.274864286650377,7.084632984347068,11.739285157345043,7.445649597754127,-39.149982215126855,1.5949974012320753
0.595,0.7277250092757809,0.8654797003022524,1.3531451046220473,8.131797023222028,6.971090655513568,11.55151443423228,7.322587343160484,-38.48417859670868,1.5608393843172248
0.6,0.7121635334449786,0.8469528730183091,1.323438870844673,7.98239358944099,6.851856215212354,11.355072095980294,7.193924454268889,-37.7927404742622,1.5269388960370884
0.605,0.6970973233521525,0.8290246357811498,1.2948061296047784,7.829641497033192,6.7290851385158685,11.15359444352956,7.062037307798237,-37.089517101047676,1.4942306823396008
0.61,0.6826990853348168,0.8118872277883695,1.2675829582036426,7.676162810862097,6.604792403997873,10.95039546539165,6.929071044685392,-36.385681703869935,1.463090764670443
0.615,0.6692208206874452,0.7958379555638277,1.2422488029421577,7.524656247321515,6.481112957978212,10.749020865951264,6.797323384170998,-35.693488410660876,1.434067430151366
0.62,0.6567833346980325,0.7810163628639483,1.2190153288908652,7.377268266849216,6.359857187440145,10.552474593857722,6.66869861474759,-35.022519849567615,1.4074062128270466
0.625,0.6453093717603674,0.7673178390655259,1.1977078068522755,7.2354101726133315,6.24234244286275,10.362899856334117,6.544516773211915,-34.378419925513185,1.3829157171155106
0.63,0.6347727077099737,0.7547113975407488,1.178240400167671,7.100099983004785,6.1295613998842935,10.181873739044194,6.425769887316453,-33.76554292186657,1.3605134618755645
0.635,0.6249786043977041,0.7429614700479302,1.160196734737868,6.971443913685071,6.021821016973917,10.009768160847358,6.312665414375037,-33.18357416475312,1.3397389028404956
0.64,0.6156690576404535,0.7317544299549084,1.1430504976113063,6.84901168366947,5.918975708238335,9.8461759292482,6.204925392144257,-32.62956799499321,1.320005347016367
0.645,0.6067120133046275,0.7209435365166605,1.1265138711627816,6.7320843623083055,5.820572089586471,9.69018515408661,6.101988114842067,-32.099998402012616,1.3009993109621785
0.65,0.5978089061242386,0.7101697818449505,1.109994532459347,6.6193378990688565,5.725674925354252,9.540065361514653,6.002746167998868,-31.58784745042169,1.2820499243655445
0.655,0.5888638738940356,0.6993278250921481,1.0933042784436275,6.509738766303653,5.6334619814058575,9.394323725294651,5.906301415294627,-31.088268144951815,1.2629463241605174
0.66,0.5798417193631602,0.6883885128692112,1.076374696787558,6.402284848653642,5.54308919960551,9.251452727123356,5.811760489633566,-30.596799374587405,1.2436072264222608
0.665,0.5706707285008841,0.677265371183336,1.059091984635425,6.296219488849969,5.453883313778219,9.11024643759873,5.7184248676667355,-30.109691749215465,1.2238896026181925
0.67,0.5615935388104241,0.6662663990162587,1.0419474483963576,6.191664792976102,5.365770304572188,8.97055520328209,5.626333521865309,-29.62847277186366,1.204341607543401
0.675,0.5527133918409098,0.6555166191387314,1.025169040716495,6.088851410583029,5.278824499404634,8.832463924793919,5.535633257373968,-29.154374101782324,1.1852020012720528
0.68,0.5442754815543154,0.6453111495019498,1.0092692690758955,5.988856501841309,5.193767273447734,8.697172178886781,5.447205334133698,-28.692893068320124,1.1670359225555684
0.685,0.5367272095785942,0.6362041050554158,0.9951273847822862,5.893374485714479,5.111809906649958,8.566723909340826,5.3624827097368994,-28.253281067334193,1.1508313977646314
0.6900000000000001,0.530117744624982,0.6282291419024928,0.982883388391448,5.804083074124342,5.034302418390171,8.443356269507403,5.282926856422486,-27.842622189793865,1.1367233382822044
0.6950000000000001,0.5244995456496933,0.6214585946215997,0.9726016109158107,5.721871847822693,4.962071498996193,8.328401773516756,5.209359903312177,-27.465057924290967,1.1247931894751333
0.7000000000000001,0.520287522886966,0.616396357846028,0.9650981787362418,5.648915449323278,4.896827548314771,8.224758083795543,5.143698314961635,-27.13195064751045,1.1159692321289003
0.705,0.5173456256255237,0.6128611422413215,0.9601012251797355,5.5861521920710295,4.839517844992868,8.133957661492637,5.086839882916737,-26.846714409038558,1.1099388704311801
0.71,0.5156598822754572,0.6108358244199061,0.9575559918993457,5.534356169818278,4.790932954170884,8.057283592453235,5.039537364085889,-26.61281676566815,1.1066550222741034
0.715,0.5150157602769425,0.6100589060738946,0.9570082593481004,5.493332259556948,4.751154181536834,7.994798676843461,5.001712890534584,-26.428698714311253,1.1056178167139383
0.72,0.5151069708191154,0.6101545329491845,0.9578358585267807,5.462276730997513,4.7197664714716145,7.945732944795426,4.972747104128643,-26.28975865597958,1.1061380794158886
0.725,0.5157093851086315,0.6108599849602185,0.959565542856646,5.4399091083641595,4.695913946372414,7.908598118231931,4.951582950815787,-26.18984013529796,1.1077011350709958
0.73,0.5164002388611775,0.6116612526154943,0.9613546346843771,5.4241393374997475,4.678102547823978,7.880829271270138,4.936445524092217,-26.118296655307944,1.109363883903711
0.735,0.5169311549777524,0.6122644406320432,0.9627085027745275,5.412929878164032,4.664762858648714,7.859786875193388,4.925565309483016,-26.06552962284126,1.1105806379770147
0.74,0.517084350075335,0.6124157122917082,0.963194531408799,5.404029862995656,4.654104114723508,7.842485891795807,4.916964747623129,-26.02114904743993,1.1108698713378982
0.745,0.5166181288400292,0.611821078277796,0.9623611447169377,5.395302797574553,4.6443792825015455,7.826041378185631,4.90874259791413,-25.974984736391107,1.109718353509428
0.75,0.5155997433813412,0.6105748893463504,0.9603550432558043,5.385367348894571,4.634322148243083,7.808434206093862,4.8996225254364685,-25.921569895831052,1.107294020909818
0.755,0.5140137160469154,0.6086590454651992,0.9571751142492843,5.373048096172486,4.622848441676947,7.787949334471588,4.888508880855702,-25.855786804705797,1.1035842032585679
0.76,0.5120257392416403,0.6062737872829884,0.9531852242377203,5.35814715010777,4.609589910305794,7.764106298207946,4.875143648310364,-25.777461354045474,1.0989896514346789
0.765,0.509964108399613,0.603823960535365,0.9490504870887363,5.341215145474913,4.594759695777283,7.737409653223342,4.859926265212271,-25.69040316868529,1.094253883357335
0.77,0.5080012679491297,0.6015074716554488,0.9451455208116013,5.323160567914224,4.578933129434679,7.708937708899564,4.843593084687174,-25.59906119574454,1.0897824743807931
0.775,0.506547094318712,0.5998210721925554,0.942292106024283,5.3058519967422715,4.563418819099084,7.681008796644922,4.8277223519684185,-25.51316115813998,1.0864989499185338
0.78,0.5058912507999217,0.599111610947433,0.9410625357273499,5.2911962738393825,4.549653854836292,7.65610628906364,4.813962300396955,-25.442026475207385,1.085042382827276
0.785,0.5062021445601781,0.5995682874889583,0.941798526095201,5.281240867289629,4.5392581542632024,7.636978176328417,4.804108929125843,-25.39494706537757,1.0857920131325214
0.79,0.5078215611634216,0.6016084126311432,0.9451491017068389,5.27831731743622,4.534073950263565,7.6267332306059865,4.8002170186410344,-25.383410218647803,1.0894896513560957
0.795,0.5107572148725545,0.6052291418963529,0.9511133199994485,5.284023655652924,4.535496651488126,7.6276565733911745,4.803739843082724,-25.41415012989912,1.096133758051196
0.8,0.5150753963873131,0.610503163503832,0.9598039046568824,5.299994484713189,4.5449372673785,7.642052578130409,4.816161314274474,-25.494389499421235,1.1058614139858949
0.805,0.5209397709339503,0.6176394674504717,0.9714933071914185,5.327530837928053,4.563537542157566,7.6717640992963805,4.838678815445306,-25.630582149019926,1.118998340765441
0.81,0.5282728310838,0.6265273799289868,0.9860285593102331,5.367684513139919,4.592280222127429,7.7183446863777085,4.872274245933901,-25.826784439853824,1.1353720291039313
0.8150000000000001,0.537266608655446,0.637409532083357,1.0037511853998198,5.421677983032373,4.632209217529846,7.783478071020255,4.918061319446302,-26.08924019068981,1.1553862981493799
0.8200000000000001,0.5480471240942182,0.650438446886295,1.0248907303312018,5.490642335340361,4.684301134934353,7.868731368616292,4.9770712818266665,-26.423428338915482,1.1793059426890165
0.8250000000000001,0.5608652560138847,0.6659128329309265,1.0499431224747353,5.576381063682813,4.750001275374208,7.976488161343012,5.050899511192762,-26.83818535430509,1.2076941606672156
0.8300000000000001,0.5763486690321076,0.6846052659136795,1.080125307963321,5.681782390673333,4.831512011625292,8.110448133834948,5.142062484729043,-27.348819283160847,1.2419350462168512
0.835,0.5949784586822361,0.7070865348985513,1.1163957205057147,5.810276238466282,4.931520295146308,8.275097945626248,5.253558148653068,-27.972015248334632,1.2831019261375485
0.84,0.6176865277747113,0.7344839427932398,1.16059302680336,5.967205999203944,5.054115836238792,8.47732262328563,5.390025253726804,-28.734707181111183,1.333273996309584
0.845,0.6455247047681543,0.7680714981837415,1.2147710734183366,6.159009104238938,5.204294738396411,8.725496454395818,5.557072564690584,-29.669010940563993,1.3947708170057407
0.85,0.67943918361072,0.8089690878510922,1.2808025687355404,6.393280722731731,5.388056756860997,9.029617701872208,5.761340641152713,-30.811204746074253,1.469698104473694
0.855,0.7208627134303991,0.8589117013415574,1.3614684831741177,6.679494302312321,5.612840391115078,9.402087279533424,6.011108488417464,-32.20798491206611,1.5612115620079785
0.86,0.7708548810827875,0.9191592146220284,1.4588117148573372,7.027191250908227,5.886362063813379,9.855626852972177,6.3147799779336635,-33.90440640529772,1.6716204741950396
0.865,0.8305050463240954,0.9910023751544104,1.5749302133730652,7.446830993025207,6.21713061330485,10.404200922207197,6.681583818370067,-35.94949356661221,1.803309616256649
0.87,0.9010855718844943,1.0759829188693013,1.7122114093411667,7.949139901118802,6.613929007309078,11.062130532882925,7.121015325557808,-38.39450753183593,1.959012896484899
0.875,0.9830028640167481,1.1745473201110201,1.8713730025588657,8.54321184224425,7.084566314229589,11.84186841320164,7.641227101505195,-41.27935288424031,2.1395560629247337
0.88,1.077039892155948,1.2876400880461403,2.0538140645194187,9.238189390832018,7.636811220511772,12.755722119785109,8.250401976617985,-44.64619477890852,2.34657606625357
0.885,1.1834119823918434,1.4155147744637744,2.2597903027231108,10.040738831549408,8.276675566297207,13.812822189530692,8.954613594042867,-48.52397610971781,2.5804089125599323
0.89,1.3016213326162835,1.5575288487143366,2.488202627757465,10.955106294958979,9.008390005693528,15.019081795407287,9.757833155497549,-52.92761699163856,2.839852976376912
0.895,1.4318030038589993,1.7138821464056668,2.7391033093187067,11.98456184875692,9.835161296575938,16.37860363611692,10.663100152938755,-57.871272155321705,3.125056813129987
0.9,1.5725673734795103,1.8828661309019155,3.009606869239425,13.127247809352399,10.756487650734195,17.888870648089615,11.669019392597471,-63.33946981157847,3.4328039981766274
0.905,1.7228788190719921,2.063225780416984,3.297550279329704,14.380391974650516,11.770819436655705,19.54548619896197,12.773252007680949,-69.314342890232,3.7607384645851583
0.91,1.8824075854777793,2.254657408437651,3.6020315917323695,15.739247270620382,12.87476837827976,21.34082654317516,13.971632194521463,-75.773541099118,4.107970208047799
0.915,2.044781248417879,2.4492260955656806,3.9106164996559394,17.18461951706921,14.05516549104402,23.24991539074383,15.247714367105573,-82.60246446961015,4.460425960535376
0.92,2.2156134775258054,2.654248113030569,4.23374070029618,18.715319749945145,15.3093391243127,25.267053246952994,16.59992291500468,-89.82554424920521,4.8303069997935575
0.925,2.3897603487489887,2.862998474463062,4.56208728662777,20.321105557866776,16.63008731879706,27.3778461650682,18.019271730821544,-97.36992518287207,5.206768384287791
0.93,2.5650638307691476,3.073106607929047,4.890890488694119,21.982061863677313,18.00252957833771,29.555402170914185,19.488662711256307,-105.14232869930913,5.58461154209923
0.935,2.73879344470941,3.281168704787105,5.214979759710584,23.679377797486516,19.412026952818497,31.7740834199378,20.991984051253446,-113.05027608986437,5.95786206739904
0.9400000000000001,2.909933191463016,3.4859772304212244,5.532426360504606,25.395670475496463,20.844191850105865,34.00961735220143,22.514437237684184,-121.01640965702269,6.324156084616341
0.9450000000000001,3.076046031986984,3.6844861700353944,5.8386455215482425,27.110395003825914,22.282153796617088,36.234018456153535,24.038640825000005,-128.9423254890885,6.677939820312297
0.9500000000000001,3.2351324918526783,3.8741983003344087,6.129968393402209,28.80404370897253,23.709348059002558,38.42056587724936,25.54791474075321,-136.73585267183992,7.014681246358032
0.9550000000000001,3.3854186175581256,4.052975174982188,6.40314639144571,30.45676963321928,25.108545245711994,40.54214930423366,27.02473982937024,-144.30406853911072,7.330324473377575
0.96,3.524435173913948,4.217840926657269,6.65372765810924,32.04846258374567,26.461835873588672,42.571092224016965,28.45049873340735,-151.5473308726637,7.619437829391483
0.965,3.650493781097973,4.366872090910954,6.878822412552788,33.56112254658016,27.752333951558253,44.48250235775641,29.807879751038612,-158.37855759862606,7.8785308444943185
0.97,3.7612690893362517,4.497378290314112,7.074305852291953,34.97423554378537,28.962138135305292,46.2519429772895,31.078236139391077,-164.70249444910382,8.10298856167051
0.975,3.8549365072309856,4.607277914481996,7.237022431003081,36.26729930672233,30.07475572510031,47.86081606007956,32.24436165398792,-170.4360988661574,8.289629405855528
0.98,3.9299722292629222,4.6948961779825975,7.364274462532276,37.419741058959886,31.074607461164128,49.294162412082414,33.28965749173439,-175.5032682942566,8.435957139577198
0.985,3.984700792607571,4.758387182594539,7.452995109206884,38.41267191057837,31.946778655990084,50.536381708520075,34.19815982204383,-179.82904945511228,8.538974417779151
0.99,4.018489303333731,4.797191908103627,7.5021221960693945,39.233476855509025,32.67899904004049,51.571076646660686,34.95762320702257,-183.35670475471008,8.597725745614328
0.995,4.031151960761171,4.811215592849929,7.511469644981943,39.87366561536409,33.26094162031874,52.37960974322518,35.55843562621253,-186.0383953978109,8.611905745185386
1.0,4.022730651774529,4.800456131087087,7.48138740398737,40.32714095271157,33.6851375831779,52.946545454412785,35.99377973060447,-187.83870201753058,8.581524267572686
1.0050000000000001,3.9941372001173057,4.765917178630702,7.41389793164596,40.588839972384385,33.94744651410683,53.26429120327887,36.25940501320999,-188.74234006076662,8.508405229924639
1.01,3.9459297007386724,4.708168201147352,7.310386645062983,40.65365219298657,34.04621974465241,53.332423624590184,36.35220562648449,-188.7427623033338,8.393776745489186
1.0150000000000001,3.8791320893824848,4.628407266622439,7.1730896242516256,40.520554686158654,33.98357696919775,53.15856970502374,36.272386012343844,-187.85583212538268,8.240115953282755
1.02,3.7952797311595985,4.528442400372262,7.004947473356382,40.19292659485888,33.764171411586375,52.75383149177048,36.022743283825854,-186.11322606370697,8.050883855550952
1.025,3.6950080448574134,4.408805628805872,6.806993232530153,39.67770245712386,33.39394137923794,52.12714518902628,35.60757454250419,-183.5445350168967,7.827364710370573
1.03,3.5834013939265894,4.275628591872081,6.588728016816106,38.99586737183232,32.8870523445704,51.29645726053238,35.042049445841485,-180.24970084631397,7.580516597318333
1.035,3.457814040806098,4.125392083834982,6.3448567971692365,38.15530221727136,32.249658840239874,50.263377922468756,34.33112866286443,-176.23189950032446,7.304369116501861
1.04,3.322959085262451,3.964136706039623,6.084081138383409,37.172897498529316,31.49391863252605,49.044504434977576,33.4892125651948,-171.58090611530628,7.009196237852372
1.045,3.17985241408556,3.793009872464551,5.808572448199068,36.06373851934612,30.631914044768344,47.66109388065975,32.53076183778823,-166.36640366833416,6.697460835404661
1.05,3.030433495643983,3.614436638361329,5.522034263041135,34.843106023876786,29.67548443851487,46.13625085678362,31.470491486432554,-160.6655752813577,6.373338261308974
1.055,2.8758704194338462,3.429798405484437,5.226712441668594,33.525960532063756,28.635513815249457,44.48947670142326,30.32170710650781,-154.54419645493638,6.039157211768649
1.06,2.717537020559984,3.2407088486749043,4.925270869981099,32.128342569301054,27.523218405575534,42.73821012643998,29.097647612865146,-148.06859476454227,5.6976594798342335
1.065,2.5565665222901885,3.0484924664790083,4.619902728702917,30.664920929192988,26.34911507172186,40.8975928380665,27.810277424484276,-141.29793067041925,5.35106285005725
1.07,2.3937731844578227,2.854082348586114,4.312176960949433,29.14859403830134,25.122951750160567,38.981226378461734,26.470413723308283,-134.28417040479184,5.000952189098457
1.075,2.229932390535236,2.6583894835610815,4.00355281577893,27.59083866367964,23.853944562947042,37.00175388363907,25.088088861737866,-127.07541158707038,4.648911103737716
1.08,2.065820562433589,2.4623555767680747,3.6954613996295107,26.00154247946355,22.550620130127918,34.97136479504741,23.672420268378094,-119.71615936401523,4.296574336021177
1.085,1.9019945971071248,2.266642749599169,3.388912764187775,24.38933513842413,21.220793188632705,32.901675594598046,22.231638090770645,-112.24614291890833,3.9451509689291764
1.09,1.7392690319450572,2.0722470279809375,3.085396020353386,22.762693391790435,19.87208745805183,30.804175408948737,20.773908693918187,-104.70621365286772,3.5964367739147316
1.095,1.5785383105735407,1.8802605700678892,2.786580568819566,21.129937513321803,18.512100461958312,28.691171427003656,19.307529465894074,-97.13854879066966,3.252430613733427
1.1,1.4207426683654187,1.6918190724609656,2.4942310722730725,19.499795336744373,17.14867038545516,26.57561957971231,17.84115189220969,-89.58727295542906,2.9152430767844777
1.105,1.2671704927285883,1.5084816157184409,2.210769854381605,17.882439824133805,15.790533715475304,24.47167507458635,16.38444787131974,-82.10325622897653,2.5877379001093996
1.11,1.119180059781734,1.3318847583740892,1.9387359717819395,16.28887481611839,14.447071388321195,22.39439947467394,14.947625295761632,-74.74068005803653,2.272908422409803
1.115,0.9780997568559622,1.1636138834090792,1.6806085630646372,14.731215800961275,13.1284914673727,20.359501039076036,13.54160959210186,-67.55682728612624,1.9736873186373702
1.12,0.8456663306361868,1.005765490217161,1.4396291399052983,13.223072073295748,11.846108102858672,18.384248170264243,12.178478440271768,-60.61684683991178,1.6938792292565588
1.125,0.7231250811939285,0.8598159883053484,1.2180770993093004,11.77739964619333,10.610992096614504,16.485633901383533,10.869814440110128,-53.98103413072586,1.4361760108891397
1.1300000000000001,0.6116408707341535,0.7271329677525169,1.0180847053280844,10.407344530181886,9.434464575741634,14.68142912462528,9.627478959005742,-47.71067596901733,1.2031003668805418
1.135,0.5127319666867124,0.6095639648501494,0.8424032984761307,9.125981524567736,8.327726620577607,12.989305220727804,8.463311963150074,-41.86891052662754,0.9978860916651028
1.1400000000000001,0.4260850704389814,0.506645384685343,0.6902753675204933,7.94226027519027,7.299129838933677,11.421720312160364,7.385605137925622,-36.49145206722456,0.8197307583827477
1.145,0.3553211072932401,0.4228400791710832,0.5686313372891556,6.874392948362051,6.362828792944073,10.001509711560429,6.410267935336835,-31.672387419342517,0.6765955783955442
1.1500000000000001,0.2936946957278935,0.3496802540536848,0.46415068276755783,5.914406915121036,5.515645162340427,8.721171525694634,5.531162269966566,-27.343206646434616,0.5532952089807934
1.155,0.2458912603958851,0.29319700253111425,0.385493185106858,5.0720103769323615,4.764554345432832,7.592306649386053,4.756651146101365,-23.57005123193985,0.4599473372001889
1.16,0.20940429950441175,0.25012203721424764,0.3279654921344297,4.346802692600432,4.110325746005943,6.615656378210781,4.086615492434616,-20.337930661579865,0.39103857783606144
1.165,0.18377710539550457,0.21995241763635695,0.29051258118738854,3.7380030409632305,3.5529011671444666,5.791099809687134,3.520492095828068,-17.642146771613486,0.34540861191161404
1.17,0.1674205075435886,0.20077353375193097,0.26990210482281135,3.2395680332260905,3.0883335015717694,5.112044555062783,3.053207696658494,-15.450625458089945,0.31937559917843217
1.175,0.1587143366399369,0.19061657207765872,0.26294676845004733,2.8438822660813603,2.7112008825978635,4.569581904497468,2.6782550833780205,-13.724502338508564,0.3093046022617851
1.18,0.15674058089234055,0.18842946827096657,0.26779440672108296,2.542524588300844,2.4151037694789528,4.153256585759809,2.3883642548595363,-12.42530773861689,0.3130941624451377
1.185,0.15990807853298283,0.19229316188638285,0.28137104007691865,2.324830357648904,2.191925110211864,3.849637119788943,2.1743458881036624,-11.50152084126157,0.3272101605037841
1.19,0.16735922987154017,0.20120322021999015,0.3020697423221638,2.18125256400449,2.0340676554607877,3.646294092726703,2.027919812649482,-10.909962347199675,0.3497961033043022
1.195,0.17845223129764132,0.21442686815869716,0.3287050627768042,2.1023699847499215,1.9338967116313657,3.5308201965889903,1.9408898605505203,-10.609022143852062,0.3794613002121939
1.2,0.19242569134648851,0.23104608015415629,0.35993480960324126,2.0795037764342856,1.8842775217655159,3.4917357145968606,1.9056564766074786,-10.55919249199157,0.41461249198683103
1.205,0.2093470661170475,0.2511808259141014,0.3960140632900501,2.1064995349879885,1.8797610671762883,3.520580484434827,1.9167083248169368,-10.735578818137718,0.4554875000310685
1.21,0.2290564918956672,0.274645697953757,0.4367674881996642,2.177961403727416,1.9155538455780807,3.6100049926340456,1.9691660241724722,-11.11497140588888,0.5018155102016997
1.215,0.25166248626634213,0.3015698840314187,0.4825590525442522,2.2907008295286544,1.9885121643711123,3.755480010878604,2.060012362100754,-11.684442456055498,0.5539457188957801
1.22,0.2776025647649114,0.3325007898637038,0.5343368686607831,2.443153564002112,2.096760115663718,3.9545930762011166,2.1876269030631366,-12.439482869243573,0.6129090404078147
1.225,0.3068301523529816,0.3673590181643662,0.5921149527371741,2.634048590790755,2.2388670086115328,4.2055328850350975,2.3506814356800234,-13.374102850447143,0.6786688667053532
1.23,0.339677610254716,0.40654768265262253,0.6566010078537964,2.8635908514734485,2.41453771386092,4.508337828370176,2.5491244456820685,-14.49042643105187,0.7520093254845918
1.235,0.3760838431712834,0.44998657035981215,0.7276906480553524,3.13124194200841,2.623121560765972,4.862269088453252,2.7823210302441157,-15.785515231795333,0.8328006009612603
1.24,0.41564828384533775,0.49716557058707445,0.8046247987947919,3.435942653000958,2.8637033772183256,5.2660124448174255,3.0492245713828154,-17.252502592539212,0.9201809383714201
1.245,0.45822213089222863,0.5479212749467602,0.8870682657064268,3.7762390418922847,3.135046969323939,5.717665436778036,3.3484613601981406,-18.884426006796748,1.013801573526236
1.25,0.5027154260696012,0.6009111829208456,0.9728687343441834,4.147950423339366,3.4340511921806582,6.212034745941278,3.6763549972824814,-20.65812470218897,1.1112380573692957
1.2550000000000001,0.548474364579782,0.6553535857133557,1.060723422920947,4.546905672997545,3.757430115811369,6.743691025527388,4.029189728214566,-22.552824623960184,1.2110567488287582
1.26,0.5934927338223143,0.7088277110322224,1.1466095301666053,4.963122066662928,4.097755913562543,7.30005337496288,4.398308202906764,-24.516908248273197,1.3087387489541573
1.2650000000000001,0.6390075852776531,0.762913332206905,1.232994625123558,5.394835751134185,4.452799538991091,7.877897021328646,4.781875665095617,-26.549458340111798,1.4071348744945082
1.27,0.6819135190032061,0.8137546259796902,1.313886987027606,5.830467567571119,4.813987113487729,8.462742370687529,5.169831165279805,-28.58597733665298,1.4993940463343616
1.2750000000000001,0.7218729018576605,0.8610461237875009,1.3885502259557372,6.261463025280688,5.1742286314949455,9.043032619358165,5.554547415809456,-30.589513184188327,1.5847722898153946
1.28,0.7577162075970516,0.9033810165114715,1.4547727881189614,6.677937359107458,5.5254928400612195,9.605636412823275,5.927257120947195,-32.512949847098675,1.6607561453292434
1.285,0.7889638907059876,0.9402094303265172,1.5117148952587085,7.071849728892243,5.860911049343152,10.139580280441237,6.280739836714641,-34.3203661269484,1.7263970665844188
1.29,0.8152659366697006,0.9711396343298362,1.5587809780349329,7.4358088917720675,6.17410508822457,10.634804615112252,6.6083686731771465,-35.97928550369504,1.7810117418377895
1.295,0.8363062215492767,0.9957946080592059,1.5954803650372775,7.763705612244324,6.4596987304178075,11.083000044872978,6.904661624299458,-37.46266760225721,1.8240204633545445
1.3,0.8524361416906466,1.0146278262274522,1.6226022617567701,8.05194092413537,6.714138769144998,11.479005697585928,7.166310900066835,-38.75736531532524,1.8563028456063686
1.305,0.8638237190650953,1.027840912154278,1.6405864910928911,8.29804528699897,6.934873833390655,11.819267439984493,7.391022644628104,-39.853777441325676,1.8783171634930738
1.31,0.8710203541614137,1.036100401725003,1.6506160528632163,8.502004297721776,7.121211058226084,12.103316166816317,7.578600900065693,-40.75423375242229,1.891364575281168
1.315,0.8747221242592965,1.0402504060066795,1.6541239024774304,8.665414802044605,7.273765595060187,12.332772423521398,7.730232745227939,-41.46830327974013,1.8970213403965814
1.32,0.8753624387061448,1.0407906482485134,1.6520341848583338,8.790723002749964,7.3939773847088865,12.510488932329324,7.8478469264486685,-42.0074945674548,1.8962711101479666
1.325,0.8737286547463329,1.0386698656790285,1.6459226415251613,8.881947539334535,7.4845223773413085,12.641311173499798,7.934718226604685,-42.39167064332254,1.890850231711484
1.33,0.8702822831525177,1.0344262399185975,1.6367119202907146,8.943030516875908,7.548244581311554,12.730171859594392,7.994110874016119,-42.63872510820287,1.8817469014175094
1.335,0.8654022792742897,1.0284948118783357,1.6251523002327541,8.978108694262335,7.58830147298746,12.782386937232253,8.029532837225252,-42.7671469204121,1.8697676528731573
1.34,0.8594766581195714,1.0213390170261054,1.6119674833154436,8.990975222269652,7.607754223328742,12.803006439963232,8.044310489046692,-42.79454259581273,1.8557131319901543
1.345,0.8525526825511243,1.0129962763015328,1.597217235854465,8.984401014113796,7.609111308672132,12.79607344789041,8.041035426351561,-42.73302876713996,1.839641447859421
1.35,0.8447408100661054,1.0035935571742562,1.5810705410204877,8.960760596512689,7.594660894526531,12.76524213463437,8.022060289405502,-42.593890092145536,1.8217613384703073
1.355,0.8360384191054488,0.9931298976202483,1.5634550296321428,8.921434571531783,7.565994537130882,12.71285876113946,7.988927181906358,-42.38386057600084,1.8020222314760554
1.36,0.826250229042305,0.9813592642002777,1.5439455843003982,8.867105356892326,7.524158450898097,12.640137616536897,7.94254623304337,-42.10547893766194,1.7799762665389365
1.365,0.8154680030417111,0.9684074450283486,1.5226663631015138,8.798542355955876,7.470129614114117,12.548075966713846,7.883834803338628,-41.762936430741476,1.7558119469138427
1.37,0.8035827122315055,0.9541482628131612,1.499367864904574,8.715769548868874,7.404319694813996,12.436753649062243,7.813037350776466,-41.35625882810147,1.7292798098947886
1.375,0.7907225949555771,0.9387377074253339,1.4743095222399956,8.61969639366815,7.3276861058291916,12.307447762671941,7.731090405153797,-40.8903894427267,1.7006990141780793
1.3800000000000001,0.7766454749704794,0.9218915541411759,1.4469801555600972,8.509683789990195,7.24004769072261,12.159684177162573,7.637540042099628,-40.36198618871428,1.669513368187433
1.385,0.7617801452764029,0.9041421783161403,1.4182282833515967,8.387129978389577,7.142442958863761,11.995304695172944,7.533509888520444,-39.779241649268144,1.6367035813941868
1.3900000000000001,0.7463726699622236,0.8857826011639043,1.3885570556913926,8.253666927053327,7.036054428700865,11.816477642265344,7.420235019347548,-39.14998221512906,1.6028359334437978
1.395,0.7307304781464607,0.8671811089507562,1.3585769150748745,8.111395022350546,6.922378327089892,11.62600304783637,7.299313776727262,-38.48417859671099,1.5685999843392826
1.4000000000000001,0.7151159254111926,0.8486419981325559,1.3288095422745267,7.962710921886545,6.803155814201279,11.427110828644306,7.172613081292054,-37.79274047426462,1.5345824240842598
1.405,0.6999510742247304,0.8306705859116422,1.3000685237876017,7.810518725271768,6.6805129284649505,11.223614603491674,7.042473185520954,-37.08951710105005,1.5017075322844424
1.41,0.6854124808112277,0.8134594329702594,1.2726876222659431,7.657387009177833,6.5564365783547975,11.018926297996309,6.91102250222183,-36.38568170387233,1.4703498364885845
1.415,0.6717617746208338,0.7973118703710217,1.247153092804005,7.506015602992954,6.433047901967503,10.816565398641591,6.7805664742948455,-35.69348841066326,1.441066351297254
1.42,0.6591324544523223,0.7823766032600723,1.2236896518339837,7.35859221341912,6.3121599834935935,10.619416853917949,6.653034586083756,-35.022519849569875,1.4141175623211502
1.425,0.6474600462346712,0.7685581547326308,1.2021367049214065,7.216576024828659,6.1951039982096185,10.429479296434682,6.529778043354351,-34.378419925515274,1.38932771462434
1.43,0.6367288699640987,0.7558321922402937,1.1824199747915536,7.0810217531887485,6.082889054761327,10.248209788443113,6.411815292148952,-33.76554292186857,1.3666260514969175
1.435,0.6267515274072284,0.7439666763970416,1.1641306653184702,6.952052397062107,5.97583354978493,10.075910331970592,6.299370555800535,-33.18357416475502,1.345558513694137
1.44,0.6172739910721421,0.7326490128189466,1.1467451733910314,6.829240586699199,5.873795255957266,9.912150962395545,6.192173299990838,-32.62956799499506,1.325539764357191
1.445,0.6081652116556772,0.7217316742376405,1.1299748744082199,6.711865429651654,5.776316179135505,9.75602886738441,6.089662207328895,-32.09999840201438,1.3062540083780074
1.45,0.5991259325227799,0.710854601527015,1.113225884649648,6.598608781719091,5.682451675152464,9.60582535184155,5.990727505228448,-31.587847450423386,1.2870277663625498
1.455,0.5900587573867511,0.699911950147082,1.0963101762516416,6.488457389275076,5.5913695199191125,9.460041524466927,5.894469675359011,-31.088268144953474,1.267649198280419
1.46,0.5809269483120472,0.6888750789632229,1.0791613217158476,6.380445325951259,5.50221822613325,9.31713616121139,5.7999981831849095,-30.596799374589047,1.2480381746697595
1.465,0.5716574441269927,0.6776589075212263,1.0616682131864479,6.273860850722507,5.41432097629574,9.175847234001333,5.706623453048131,-30.109691749217177,1.2280547137204365
1.47,0.5624917236724999,0.666573272949582,1.0443251985638207,6.168868476445225,5.327602438205846,9.035961939187576,5.614398606756083,-29.628472771865287,1.2082511593588199
1.475,0.5535322160674537,0.6557450619861778,1.0273632915864739,6.065730421037536,5.242135901937175,8.897508549072342,5.523487651200795,-29.154374101783894,1.1888710504055384
1.48,0.5450235854855876,0.6454707918761273,1.0112972327390304,5.965538756012727,5.158639482409093,8.761650018083772,5.434789613543509,-28.692893068321634,1.1704836276777488
1.485,0.5374127059169782,0.6363051079707398,0.9970075625119975,5.86998541257642,5.078317043713231,8.630419965424265,5.349753294448488,-28.25328106733562,1.1540800130766637
1.49,0.5307481224165319,0.6282813761507839,0.9846343697945107,5.780732725611259,5.002506564597794,8.506069285577826,5.26985303534038,-27.842622189795218,1.1397967487604415
1.495,0.5250815149365544,0.6214710194509376,0.9742412368959412,5.698647190175533,4.932019403192558,8.389961848113455,5.195920001364035,-27.46505792429214,1.1277157481375466
1.5,0.5208270380975324,0.6163767234919539,0.9666429370713266,5.625878374981375,4.8685475872109425,8.285036921643705,5.129876507337048,-27.131950647511548,1.1187645952391105
1.5050000000000001,0.5178480352229897,0.6128160255422814,0.9615661526265225,5.563342223476053,4.813017715864495,8.192871035300572,5.072623729363738,-26.846714409039407,1.1126295271749684
1.51,0.516130056218495,0.6107707390760178,0.9589545708050358,5.511795939176641,4.766199340748323,8.114787812370283,5.0249165944550365,-26.61281676566883,1.109261748194255
1.5150000000000001,0.5154581199083766,0.6099785635857982,0.9583522560573854,5.471033421519169,4.728154306384679,8.05088355737945,4.986679471176688,-26.42869871431184,1.1081590531044485
1.52,0.5155253562310322,0.6100628963738489,0.9591350617362661,5.440245725686088,4.698450928070849,8.000412857770986,4.95729648794369,-26.28975865597996,1.1086293771729565
1.5250000000000001,0.5161069988841652,0.610760459035518,0.9608277294197493,5.418151178713282,4.6762201073688505,7.961903522957839,4.935715191158838,-26.189840135298265,1.1101549827306374
1.53,0.5167796982512457,0.6115568974651691,0.9625856827640668,5.402660641571398,4.659957442046645,7.9328000998328365,4.9201663780022,-26.118296655308118,1.1117898489150957
1.5350000000000001,0.5172946505830083,0.6121582090583862,0.9639126991135923,5.391738275912128,4.64808613565249,7.910466981644074,4.908886940479199,-26.06552962284143,1.1129857632144995
1.54,0.5174338474168362,0.6123107104492332,0.9643749567412926,5.383134384639135,4.638810624225154,7.891919073048727,4.8999062421583615,-26.021149047440083,1.1132592415570437
1.545,0.5169555239518255,0.6117206924262691,0.9635200620644426,5.374712204110291,4.630381040994206,7.874268878824163,4.891330517547767,-25.974984736391292,1.1120958584733132
1.55,0.5159269082279223,0.6104826838155628,0.9614940092296338,5.365088319023675,4.621530169878213,7.8554935238028145,4.881891539982938,-25.921569895831258,1.1096627746337258
1.555,0.5143325081582133,0.6085785232260901,0.9582950510485837,5.353083623630775,4.611174567548547,7.833873858881779,4.870501879635924,-25.855786804706064,1.1059468231898593
1.56,0.5123379187391737,0.6062079941825661,0.9542863668222533,5.338495364719725,4.598948700050069,7.808925754911339,4.85691099075687,-25.777461354045776,1.1013482931019933
1.565,0.5102713053453841,0.603775261727316,0.9501324484624667,5.32186890626847,4.585070177269836,7.781150873349673,4.841523962438957,-25.690403168685584,1.0966102711767711
1.57,0.5083049512511116,0.6014773556897752,0.9462073329254603,5.304107809004308,4.570120557174183,7.751625348472496,4.8250800838349726,-25.599061195744824,1.0921377914797408
1.575,0.5068485338900133,0.5998100649944788,0.9433323129515048,5.2870765897345775,4.5554163788122555,7.722666267623296,4.8091572728009195,-25.513161158140257,1.0888537712237727
1.58,0.5061914928196993,0.5991192552894024,0.942079298999936,5.272679622212097,4.542403943472913,7.696755900936976,4.795400413549721,-25.4420264752076,1.0873965845733542
1.585,0.5065019684452533,0.5995932105466939,0.9427897019677045,5.262963273044425,4.532713054186035,7.676641486356175,4.785599797010366,-25.39494706537771,1.0881445904748417
1.59,0.5081214918262122,0.6016485185907754,0.9461124309935829,5.260258986547012,4.5281957111076405,7.665431332119356,4.781803042157231,-25.38341021864776,1.0918387259266598
1.595,0.5110575071991338,0.6052817793392622,0.9520465483003067,5.266165505968641,4.530256124846858,7.665410230712238,4.785455926795036,-25.414150129898907,1.0984765328494515
1.6,0.515376061861889,0.6105653520649074,0.9607049795527578,5.282318850712094,4.540312582484682,7.678881946778983,4.798035516251874,-25.494389499420855,1.1081942312665103
1.605,0.5212405713312975,0.6177080525960781,0.9723605271092604,5.310021802033841,4.559512180573853,7.707688756899229,4.820733542235352,-25.630582149019343,1.121316748583036
1.61,0.5285733152423688,0.6265992049879148,0.9868607201323419,5.350328245661235,4.588841100905007,7.75338356770343,4.854527451193794,-25.826784439853018,1.1376708682468484
1.615,0.537566162579838,0.6374816076090662,1.0045478132094554,5.404462947336523,4.629344867238191,7.817649554961867,4.900527381857859,-26.089240190688834,1.1576598789441066
1.62,0.5483449931282753,0.6505080404278395,1.0256521977403343,5.473559291333746,4.682000421443306,7.902053878553453,4.959761457861699,-26.42342833891422,1.1815480694621798
1.625,0.5611605370049428,0.6659774345108933,1.0506706786743447,5.559423321593249,4.748252834353454,8.008980828842562,5.033821742196606,-26.838185354303516,1.2098979971883619
1.6300000000000001,0.5766402726504999,0.6846624865562821,1.0808210776358549,5.664945991787158,4.830304282039465,8.142131751020555,5.125220510154458,-27.348819283158956,1.2440929314985159
1.635,0.5952650855684266,0.707134048207358,1.1170627559619404,5.79356026955962,4.93084206175976,8.305995885340652,5.236949943259611,-27.97201524833232,1.2852052221523098
1.6400000000000001,0.617966707497249,0.7345195012293835,1.1612353908041828,5.950612684050642,5.0539573882321465,8.50746159089488,5.373641019579955,-28.734707181108337,1.335312920154653
1.645,0.6457968250287149,0.7680929140044166,1.2153939303563326,6.142544052329771,5.20464935121847,8.754907229175405,5.540892348531275,-29.669010940560497,1.3967343053278802
1.6500000000000001,0.6797014515606628,0.8089741422624389,1.28141215400732,6.3769531920093465,5.3889226440178835,9.058335868449813,5.745331544690719,-30.81120474606995,1.4715737625960799
1.655,0.7211131551823278,0.8588981983383532,1.362072130659214,6.663317394929068,5.6142230653011715,9.430153723677495,5.9952214671675,-32.20798491206088,1.562985806190896
1.6600000000000001,0.7710913322217311,0.9191250048996631,1.4594178842842724,7.011182196283314,5.888276888410399,9.883087980930828,6.298946398856074,-33.90440640529137,1.6732787490872176
1.665,0.8307251269520197,0.9909454710231825,1.5755484443067855,7.4310112948283695,6.219606150533592,10.43110866242662,6.665711588745032,-35.94949356660464,1.8048368597673867
1.67,0.9012866757400229,1.0759017294933868,1.712852162672429,7.933534424769315,6.617010800603162,11.088542865748853,7.104984497020471,-38.39450753182693,1.960394411214188
1.675,0.9831821633484591,1.174440957709189,1.8720473517036869,8.527847758501558,7.088321528514949,11.867848838221569,7.624885247365928,-41.27935288422968,2.140779076457574
1.68,1.0771943248276608,1.2875087058983414,2.0545331815994903,9.223094016172743,7.641333860751702,12.781338827882642,8.233559799958083,-44.64619477889625,2.3476321028103855
1.685,1.1835382014096687,1.4153599352433672,2.2605647758356,10.025935647099274,8.282091533825106,13.838146635580157,8.93704222156893,-48.523976109703725,2.5812972020922684
1.69,1.3017156692424454,1.5573538654478338,2.4890416574777467,10.940607464899891,9.014860537399684,15.044187610138202,9.739265945113955,-52.9276169916227,2.8405842962564227
1.695,1.4318614691930729,1.7136922952203328,2.7400138294192433,11.970356889524446,9.842881581881285,16.40356334468462,10.643245113376986,-57.87127215530405,3.125657684882551
1.7,1.5725854187771433,1.8826682496105756,3.0105924371046022,13.113285635558903,10.765674492609145,17.913752288787737,11.647591853976841,-63.339469811559,3.4333194993735043
1.705,1.7228509429428234,2.063027287224958,3.2986097759979467,14.366557904489444,11.781679166907896,19.57034543551289,12.75004121605341,-69.3143428902109,3.7612312361037548
1.71,1.8823268351973332,2.2544648893702597,3.603157930821366,15.725338688738315,12.88743675386771,21.365685010067473,13.946617274556502,-75.77354109909543,4.108513805695497
1.715,2.0446382727463206,2.449043255017581,3.911795183488031,17.1703278369866,14.069616063879149,23.274713703563712,15.221240100717338,-82.60246446958647,4.46109015731945
1.72,2.2153950184170834,2.6540737041854103,4.2349469507477036,18.700221267672056,15.325281429994162,25.291574220033766,16.572918262151504,-89.82554424917993,4.831133475450452
1.725,2.3894467365894796,2.8628235654198355,4.563281079352244,20.304664647855617,16.646915749067187,27.40161807753951,17.993432323147747,-97.36992518284606,5.207743093715641
1.73,2.5646270929318264,3.0729113058623927,4.892009862807672,21.963649493624935,18.01938476444781,29.57761837855857,19.46648314977337,-105.14232869928244,5.58564474427971
1.735,2.7381973346342714,3.2809189159237597,5.215937576568527,23.658346441554656,19.428023842763217,31.793588552331038,20.976472097403455,-113.05027608983731,5.95879142986075
1.74,2.9091398959285915,3.4856257029167823,5.5331196284958795,25.371512527843773,20.858739037037978,34.025033287446206,22.508451366705092,-121.01640965699566,6.32478833426815
1.745,3.0750364127903547,3.683984880217354,5.8389909918917695,27.0829545566381,22.29518412893742,36.24402503935526,24.04401848331046,-128.94232548906186,6.678131131385477
1.75,3.233933366485327,3.873518659945218,6.129952924385354,28.77360991856989,23.721295574633164,38.42430465644574,25.564827633739007,-136.73585267181377,7.014410080243329
1.7550000000000001,3.3841107540242232,4.052115429021251,6.402846634324709,30.423872864637403,25.120121399916442,40.53964392703178,27.051659449265674,-144.3040685390856,7.3296982098274555
1.76,3.5231207675428715,4.2168090562942755,6.6532629871716455,32.01351440545093,26.47380058100544,42.56342802398119,28.484773655536845,-151.5473308726398,7.618621523871973
1.7650000000000001,3.6492459592923425,4.3656756914861266,6.878278543049552,33.52430941576309,27.76536440694846,44.471502948380476,29.846523247672035,-158.3785575986036,7.877657522378709
1.77,3.7601038572144754,4.496040694179815,7.073694017681737,34.93575752140554,28.976713328318368,46.23951984959569,31.118565929269444,-164.70249444908325,8.102099389295319
1.7750000000000001,3.853825797446023,4.605850526105978,7.236288389041441,36.22750046986221,30.090997385006652,47.84858976785186,32.28437986996081,-170.43609886613913,8.288666797972628
1.78,3.9288922753081095,4.693441656393404,7.363338012095015,37.37898262720143,31.092208672415428,49.28348340195825,33.328103553623286,-175.50326829424063,8.434818234197799
1.7850000000000001,3.983689436099062,4.756967008014443,7.451809052754553,38.37132436635172,31.965123987832,50.528265705635846,34.23426819416572,-179.82904945509884,8.537601846959065
1.79,4.01765607055397,4.795882795488994,7.500719317378275,39.192072393681194,32.697270641788535,51.56603329070828,34.99090432259262,-183.35670475469945,8.596166060505247
1.795,4.0306084685577925,4.810117068351106,7.509967979409195,39.8328702352687,33.27796602222787,52.37773630177735,35.58882919491253,-186.03839539780336,8.610300275537288
1.8,4.022498633416086,4.799653487470975,7.479944321658227,40.28743473564906,33.69929551665581,52.947921751104275,36.021914111379374,-187.83870201752603,8.580039615997451
1.805,3.9941378143406467,4.765431130975384,7.412650781027654,40.55022362571797,33.9571972021321,53.269238856627766,36.28629123044039,-188.7423400607651,8.507169601034565
1.81,3.9460636634575894,4.707940338777032,7.309419165716407,40.615723677084354,34.0510107359779,53.34149789710891,36.378248269099075,-188.74276230333533,8.392858733193398
1.815,3.87934938505553,4.628339599526756,7.172435923227351,40.483190473516345,33.98406790107555,53.17237340645375,36.29652949066639,-187.85583212538714,8.239546121082387
1.82,3.7955855274084023,4.528475223782607,7.0046328435258385,40.157383892391344,33.761383669766886,52.77243487358584,36.04262671610069,-186.11322606371442,8.050703494686996
1.825,3.6954192552897296,4.408953953784576,6.807040300681453,39.6469352992122,33.38818158411577,52.14959667749626,35.62078872914912,-183.54453501690685,7.827619384174226
1.83,3.583895924491956,4.275928701727857,6.589102726699963,38.97312175596472,32.87766045558991,51.3211319911669,35.047680524304226,-180.24970084632656,7.581178943762401
1.835,3.4583368279529334,4.125840024013739,6.345456222404959,38.1421947577655,32.23573692401829,50.2888327599761,34.33017874289243,-176.2318995003393,7.305323434904933
1.84,3.323460371938976,3.9646861145019936,6.084788190505652,37.16840118908198,31.475220090645237,49.07036636666196,33.48367766073922,-171.5809061153231,7.01030632174717
1.845,3.180298402017711,3.7935883079503507,5.809288778962855,36.06441596371543,30.60911006743725,47.68853433112548,32.52256083010473,-166.36640366835277,6.698607176805554
1.85,3.030784824869488,3.61494989925471,5.522658716203159,34.84449635264478,29.649849479722747,46.167488910111686,31.460955814187002,-160.66557528137807,6.374391469590338
1.855,2.8760771638500433,3.430149550397582,5.22713436751901,33.524633121612396,28.608517117724592,44.52613872718241,30.311572030304717,-154.5441964549581,6.039974557231169
1.86,2.717559714518899,3.2408304740259104,4.925402639092053,32.12333049143754,27.496231041828,42.77984175232476,29.087269740970996,-148.06859476456498,5.6981290828892766
1.865,2.556399357251437,3.048371808693837,4.6197190370701415,30.657559023040527,26.323189753355166,40.94162916707019,27.799910670040326,-141.29793067044278,5.351152015790918
1.87,2.393445451689007,2.853756483818101,4.311719460594948,29.141068033944507,25.098651933416658,39.02446448955189,26.460354065712504,-134.2841704048162,5.000710672080644
1.875,2.2294971845483746,2.657927370932737,4.0029115110647275,27.584821942789013,23.831301754691577,37.04188927457034,25.078616290216807,-127.07541158709532,4.648446449893719
1.8800000000000001,2.0653368170445674,2.4618332552908044,3.694742087666401,25.997726044503437,22.52924864936404,35.00760064678623,23.66366050899099,-119.71615936404068,4.296011523413595
1.885,1.9015202173753492,2.2661341727407494,3.388221120707836,24.387696069720743,21.20011986208007,32.93431721610414,22.223519836215623,-112.24614291893394,3.9446145961022134
1.8900000000000001,1.738853879108329,2.071814682583847,3.0848246474671135,22.76290328327738,19.85157990204988,30.83399242266758,20.766209501048156,-104.70621365289357,3.596035486031212
1.895,1.578221641019525,1.8799527147498323,2.7862026427070314,21.131636758129765,18.491420123779477,28.71891199379901,19.299952862632022,-97.13854879069557,3.2522501887065283
1.9000000000000001,1.420557423154637,1.6916742851072817,2.494106786557422,19.502749269783003,17.12777899134725,26.601621010160535,17.833430735504834,-89.58727295545489,2.9153545769349827
1.905,1.2671335993518955,1.508516962902694,2.2109317225651854,17.88641045502824,15.769701372552197,24.495977844704136,16.37640561107038,-82.10325622900186,2.588178779231165
1.9100000000000001,1.1192902190216067,1.332094952812221,1.9391831690288368,16.29354631642009,14.42682016314462,22.416844070531262,14.939224830443697,-74.74068005806143,2.2736764642618876
1.915,0.9783361701350871,1.1639690837751362,1.6813050468552364,14.736193554275474,13.109497353022595,20.37979631291457,13.532991256028614,-67.5568272861505,1.9747386455580183
1.92,0.8459821029159256,1.0062042247914598,1.440492201143992,13.227829119875054,11.829062253401384,18.402199607765706,12.16996271717434,-60.616846839935036,1.6951147531713047
1.925,0.7234476379474397,0.860246787608566,1.2189770600953354,11.781324387648045,10.596479043917018,16.50126978873713,10.861847759506173,-53.981034130748014,1.4374418019353097
1.93,0.6118800296613218,0.7274444585955415,1.0188575912944797,10.409908856214232,9.422870287846331,14.694990219278445,9.62052114831643,-47.71067596903811,1.20420350631108
1.935,0.5127964904542258,0.6096454144629002,0.8428792731993895,9.1269259271514,8.319208795830987,13.001103163431253,8.457722478946136,-41.8689105266467,0.998629099820154
1.94,0.4258994839081699,0.5064069408015373,0.6903090409026355,7.94163921185795,7.293633599060568,11.432040390216859,7.381576368220936,-36.491452067242086,0.819947136460969
1.945,0.3548390229593723,0.4222286172620989,0.568127118048401,6.872473226767257,6.360143904965408,10.010568111438996,6.407828470708005,-31.67238741935811,0.6761790194538403
1.95,0.2929008450103542,0.3486810176328326,0.4630694685810605,5.91157265613502,5.515464776934965,8.729117120491708,5.530195044060534,-27.343206646448504,0.5522057823772555
1.955,0.24479346801913918,0.2918226193850336,0.38384045990588217,5.068690325050535,4.766524856507006,7.599255204126155,4.756928312025486,-23.570051231951844,0.4581960526687401
1.96,0.20802640787716395,0.24840425822868184,0.32577867076764333,4.343400495765973,4.114078658786996,6.621726621050216,4.087843377140784,-20.337930661589947,0.388672272440985
1.965,0.1821527084152151,0.21793435231284117,0.2878496259384887,3.7348538092047003,3.558083710711017,5.79640669319059,3.522369286708852,-17.642146771621857,0.34249666820696234
1.97,0.16558540164865246,0.19850022606111922,0.266827518018544,3.2369186231045566,3.0946281165768985,5.116700510228804,3.055471493689474,-15.450625458096578,0.3159936469145132
1.975,0.15670191854785478,0.18812959699670923,0.25952257392346323,2.8418976078378066,2.7183367547194752,4.573680871771962,2.6807088448172918,-13.724502338513698,0.3055242480072099
1.98,0.15457669523448872,0.185760664284052,0.26407043830991506,2.541284903281833,2.4228586357752024,4.15689880363195,2.3908858517844735,-12.425307738620672,0.3089718165876816
1.985,0.15760915231705647,0.18946268360002322,0.277380699906767,2.3243530452145946,2.2001153181679296,3.8529436097282903,2.1768738692845515,-11.50152084126414,0.32278253748051283
1.99,0.16493150645516283,0.19821868650889335,0.2978282052648089,2.1815148999752116,2.042540169522647,3.6494145877319943,2.0304359253009476,-10.909962347201166,0.3450784388874201
1.995,0.17589408548994073,0.21128645376774008,0.32421258438463596,2.1033244493705388,1.9425308281767086,3.5339052896095122,1.943416738906357,-10.609022143852641,0.37445177962349524
2.0,0.1897310043656971,0.22774270222890225,0.3551825141488261,2.081080205377692,1.8929873448122636,3.4949153077750252,1.9082542849662243,-10.559192491991313,0.40929919461085357
2.005,0.20650758552063705,0.24770499357647394,0.39098843106953185,2.1086003112731246,1.8884961142576993,3.523958150278063,1.919469645822902,-10.73557881813676,0.44985365154637713
2.0100000000000002,0.22606649112400354,0.27099118063485017,0.43145830186690975,2.1804593345215775,1.9242916561985615,3.6136523697917666,1.9722031506518822,-11.114971405887268,0.49584898611127454
2.015,0.24852127373961477,0.29773662291741176,0.4769645122164802,2.293444900440416,1.9972473249630167,3.7594413758565164,2.063441715546827,-11.68444245605322,0.5476447938782703
2.02,0.2743145266091481,0.32849486295455205,0.528464189903419,2.4459816316140737,2.1054943374064914,3.9588952465597798,2.191555358053339,-12.439482869240686,0.6062827802094358
2.025,0.30340672587207185,0.36319507259865996,0.585983784098396,2.6367951800164042,2.247597003842132,4.210193115245037,2.3551908642975556,-13.374102850443627,0.6717411456114255
2.0300000000000002,0.336136464237055,0.4022477927755128,0.6502425386391427,2.8660942533367315,2.4232472289093394,4.513377121610162,2.5542636804315584,-14.49042643104775,0.7448174016418059
2.035,0.37244661081867125,0.4455774830935461,0.7211439092670681,3.1333526664049254,2.6317780180407766,4.867720301611127,2.78810571789854,-15.785515231790626,0.8253905735140693
2.04,0.4119393485527382,0.49267723582333717,0.7979342612933119,3.4375252682027133,2.8722571004499886,5.271924948067149,3.055639439158175,-17.252502592533904,0.9126050391017757
2.045,0.4544682344101597,0.5433864001340082,0.8802829736307822,3.7771720286479793,3.143432925395346,5.724101119694792,3.355465149653519,-18.884426006790903,1.0061171971423697
2.05,0.498944836854114,0.5963641812941411,0.9660408159193911,4.1481216697305925,3.4421950416484406,6.219059386233729,3.6838928876317656,-20.658124702182644,1.1035059217972374
2.055,0.5447154810867447,0.650828855070823,1.053905699225229,4.546206226699163,3.765256021447502,6.751366278233721,4.037207981871326,-22.5528246239536,1.203338129596286
2.06,0.5897725587513225,0.7043577704256191,1.1398527840870931,4.961445132418041,4.105195755782184,7.3084244870237125,4.406767553177379,-24.516908248266365,1.3010922580329842
2.065,0.6353500286207565,0.7585267842891559,1.226344514220725,5.392076122963726,4.459798813569517,7.886987169140625,4.790762148442216,-26.549458340104817,1.3996128044257534
2.07,0.6783375695726246,0.8094739424275377,1.3073806982141947,5.826522949048455,4.8205070018470995,8.472557327852648,5.1791594095776,-28.585977336646064,1.4920385021545932
2.075,0.7183912307327898,0.8568860177501155,1.3822137955751996,6.256241372531692,5.180245083264629,9.053564093727951,5.564359502705701,-30.5895131841816,1.5776121468896376
2.08,0.7543347611991255,0.8993480242417246,1.4486200200151291,6.671366350863689,5.530993882307485,9.616861734962438,5.937619234692409,-32.51294984709226,1.6538058999500258
2.085,0.7856825998849728,0.9363028170314754,1.5057483409071053,7.063880334991553,5.865894631611228,10.151464607861767,6.291734648136639,-34.32036612694248,1.7196581925696552
2.09,0.8120795866140444,0.9673525111621596,1.5529934093700561,7.426423206477505,6.178577298954363,10.64729889687683,6.620086186284134,-35.97928550368969,1.7744744728403883
2.095,0.8332063405862825,0.992116263936292,1.589857911404238,7.752918986466531,6.463670591593715,11.096046859541655,6.91718306433777,-37.462667602252445,1.817667649832949
2.1,0.8494126915872725,1.0110457558697155,1.6171275115853634,8.039794408401628,6.7176227197718275,11.492555570332526,7.179693066988561,-38.75736531532115,1.8501136454258473
2.105,0.8608682965288206,1.0243447579940108,1.635244066286941,8.28459731899103,6.937879858777679,11.83328446112565,7.405284892924311,-39.853777441322336,1.8722738486911208
2.11,0.8681294540478632,1.0326858222758626,1.6453985464098522,8.487325848102346,7.123746297323608,12.117769859690238,7.593718475061502,-40.75423375241955,1.8854595137508057
2.115,0.8718985660511145,1.0369206881330124,1.6490349624289742,8.649604341782812,7.275839883620859,12.347605432515307,7.746139029619688,-41.46830327973804,1.8912604424089896
2.12,0.8726147483695506,1.0375558552201238,1.6470878755953773,8.773937288816931,7.395618090568955,12.525558553922647,7.864449478567177,-42.007494567453215,1.890672743566239
2.125,0.8710701209278021,1.0355456729363264,1.6411419192292467,8.864405822782974,7.485795083274923,12.65634492197116,7.951923856919597,-42.39167064332152,1.885443327835176
2.13,0.8677317828385835,1.031434931973874,1.6321297008305042,8.924967467015428,7.5492699859180625,12.744773914252313,8.011845307917874,-42.63872510820212,1.8765720903896461
2.1350000000000002,0.8629839454491703,1.0256647227608249,1.620811017018935,8.959701668888936,7.589266269393036,12.796090436682086,8.04775243797013,-42.76714692041186,1.8648764979780537
2.14,0.8572165444607678,1.0187004092646565,1.6079135764114438,8.972293210382858,7.608912959006591,12.815341376404598,8.063003434910023,-42.794542595812835,1.85116116435131
2.145,0.8504756830281766,1.0105776008140315,1.5934955152828367,8.965431847379762,7.610781169185505,12.80657133682445,8.06021423307575,-42.73302876714028,1.8354814545080915
2.15,0.8428686356257711,1.0014191019117291,1.577720213173111,8.941495012067639,7.597211048994927,12.773387760856941,8.041749510889584,-42.59389009214611,1.8180388841462527
2.1550000000000002,0.8343877744158773,0.9912176765190561,1.5605064700862383,8.901930604817078,7.569826401234619,12.71807166191603,8.00914806291285,-42.38386057600159,1.798771986528355
2.16,0.8248298005406262,0.9797174451748925,1.541415100432595,8.84747621223983,7.529673959773919,12.641857024366722,7.963293596005339,-42.10547893766303,1.7772158694566005
2.165,0.8142750262650497,0.9670303079742237,1.5205500118210429,8.778905909341956,7.47769170050033,12.545895771490407,7.905052997156621,-41.7629364307428,1.7535347699086041
2.17,0.8026034864922472,0.9530171757926444,1.4976416531174959,8.696218980312919,7.414212201543802,12.43050608040527,7.834603586258907,-41.35625882810295,1.7274557196654752
2.1750000000000003,0.7899351659162686,0.9378246903909245,1.4729339574361178,8.600325761387339,7.340088022646437,12.2971837589075,7.752818047890568,-40.89038944272843,1.6992801072040735
2.18,0.7760222392646291,0.9211625786731024,1.4459052599737232,8.490617636360968,7.255022959830726,12.145623775705644,7.659191920159196,-40.3619861887161,1.668439881950656
2.185,0.7612882394985155,0.9035576175854416,1.417394884013011,8.3685076513845,7.159936555080323,11.977840360944555,7.554811261068952,-39.77924164927019,1.6359051391632382
2.19,0.7459760637809862,0.8852998388310456,1.387900346135764,8.23560595794305,7.055899529916813,11.796174377542195,7.440890272641074,-39.149982215131296,1.602235890741958
2.195,0.7303953482696428,0.8667611059832181,1.3580356370078734,8.093985400564975,6.944326368311857,11.603513199792275,7.319035018694509,-38.484178596713306,1.5681265793935046
2.2,0.714815460572969,0.8482549171906948,1.3283347571241728,7.946022903071228,6.826916955744984,11.40306407307918,7.191152454515446,-37.79274047426703,1.5341790129147894
2.205,0.6996671385738431,0.830297487501773,1.2996271822509713,7.794589914608092,6.705790946118833,11.198567494600708,7.0596406487767,-37.08951710105247,1.501336348262494
2.21,0.6851341403081703,0.8130901208056804,1.2722604631556091,7.642205766163889,6.582950962227105,10.993364639985476,6.926686500927406,-36.385681703874724,1.4699891683803346
2.215,0.6714834484352266,0.7969425126706247,1.2467312761847604,7.4915177754151845,6.46054487871643,10.790916128963408,6.794645967429876,-35.69348841066554,1.4407064791383848
2.22,0.6588528523558829,0.7820082229843583,1.2232723476111167,7.344670905633797,6.34041748761031,10.594049285543994,6.665490806911469,-35.022519849572106,1.413757996503595
2.225,0.6471815255347741,0.7681957597396936,1.20172959061225,7.203101340085461,6.223931771596245,10.404697427686282,6.54060698413909,-34.37841992551739,1.3889755806595878
2.23,0.6364570960873736,0.7554843396576172,1.1820344217974004,7.06785978555013,6.1121265599745485,10.224243818909615,6.4210418410414976,-33.76554292187061,1.3662951124727507
2.235,0.6264951390520236,0.7436448548883099,1.1637828508785577,6.9390839580858446,6.0053476418053435,10.052907566326864,6.307044030513336,-33.18357416475703,1.3452681757729814
2.24,0.6170442284445073,0.7323670743475387,1.146455298531014,6.816377230529182,5.903478217310605,9.890167177595282,6.198364817575763,-32.629567994996926,1.3253139998208496
2.245,0.6079750581985842,0.7215049102708656,1.1297657902755807,6.699058961357072,5.806083648924329,9.735028296256514,6.094461919171999,-32.09999840201617,1.3061198655055972
2.25,0.5989888974949306,0.7106984112155073,1.1131210811175127,6.585852861289972,5.7122382731660775,9.58569503534519,5.9942400334369665,-31.587847450425105,1.2870129043099081
2.255,0.5899875253242446,0.699840363761395,1.096331541327719,6.475783257622319,5.621123012336019,9.44061585825489,5.8968074263443295,-31.088268144955165,1.2677792068689984
2.2600000000000002,0.5809320207027692,0.6888993063857954,1.079326841152122,6.3679146934333595,5.531892682316221,9.298226163639296,5.8012738206932175,-30.596799374590766,1.2483338910009951
2.265,0.5717460824056513,0.6777861515926492,1.0619900796004864,6.261560569843201,5.443870069962268,9.15726600722132,5.706942819292803,-30.109691749218808,1.2285300122967593
2.27,0.5626674868777228,0.666806316498217,1.0448090091872304,6.1569103116261115,5.356975195522541,9.017536312741466,5.613856072939085,-29.628472771866914,1.20891210912237
2.275,0.5537950333938363,0.6560825171598084,1.0280081484662795,6.054252329633751,5.2712747610647215,8.879081301209494,5.522163964522223,-29.15437410178551,1.1897160875407362
2.2800000000000002,0.5453702737403214,0.6459078067520646,1.0120966881988085,5.954705287437481,5.1874809686917205,8.743075158734579,5.432752203138485,-28.69289306832321,1.1715047215987329
2.285,0.5378378074284144,0.6368343744617946,0.9979510108892498,5.859983409294635,5.106794632075363,8.61155660333125,5.347058889073599,-28.253281067337074,1.1552643798138413
2.29,0.5312446715467427,0.6288940033191176,0.9857084292086264,5.771759318068224,5.0305542064610895,8.486782263324546,5.266550874593142,-27.842622189796614,1.1411284623140996
2.295,0.5256416377273858,0.6221572488542314,0.9754308765411182,5.690893505317762,4.959574427070831,8.370128188498809,5.192055030655434,-27.46505792429337,1.129177047058484
2.3000000000000003,0.5214422286722774,0.6171262343238264,0.9679320638421248,5.619511178905279,4.895553236017895,8.264557069284727,5.125492117183292,-27.131950647512525,1.1203365562746344
2.305,0.5185093796643587,0.6136181300004337,0.9629379834263182,5.558486808572001,4.839424747879,8.171681269851197,5.067763640330604,-26.84671440904033,1.1142924851669023
2.31,0.5168283981665622,0.6116145094165834,0.9603919270255079,5.508524219295103,4.791966800523996,8.092869474604042,5.019625841494053,-26.61281676566953,1.1109956304743893
2.315,0.5161842971444911,0.6108530730227162,0.9598379541973366,5.469358580304339,4.753249432838756,8.02826729349322,4.981004261431643,-26.428698714312375,1.109943856876656
2.32,0.5162704469030254,0.610957504086287,0.9606523664363937,5.440122378158673,4.722848468695768,7.977178427402679,4.951283415528825,-26.289758655980403,1.1104456834432685
2.325,0.5168625468968122,0.6116650471031082,0.9623607650026602,5.419480336005563,4.699901624777986,7.938175006579348,4.9294104128942315,-26.18984013529855,1.111984429944871
2.33,0.5175379375037595,0.6124621606448646,0.9641198808003303,5.4052979846074765,4.682911039918786,7.908736886321093,4.913615134679383,-26.118296655308328,1.1136156646383137
2.335,0.5180487377175935,0.6130559616948361,0.9654352244902695,5.395505421886411,4.670306516394376,7.886251240681786,4.902133313954789,-26.065529622841584,1.1147932446478162
2.34,0.5181780151391459,0.6131940406631305,0.9658749919538007,5.387829994716021,4.660298990105816,7.867743930681066,4.89299304786172,-26.02114904744021,1.1150360730168865
2.345,0.5176851669278361,0.6125840446189896,0.9649889611813711,5.380123062978719,4.651144441838809,7.85032764155911,4.884299181810523,-25.97498473639145,1.1138322840095494
2.35,0.5166385891828426,0.6113219079170851,0.9629253554294409,5.3709993692552835,4.641579994016482,7.831971141516714,4.874781932224981,-25.921569895831457,1.1113516466611326
2.355,0.5150238860735208,0.6093908215289144,0.9596845325529305,5.359286245584445,4.630524320937809,7.810941288425985,4.863352302858207,-25.855786804706298,1.1075834432797023
2.36,0.5130076394301054,0.6069917943266478,0.9556315847080475,5.344794128939774,4.617611322194323,7.7867364039238325,4.849758347403176,-25.777461354046057,1.1029301763264665
2.365,0.5109188138002079,0.604530000005522,0.9514325736115661,5.32808678791053,4.603055556782212,7.759838695254693,4.8344040504788035,-25.690403168685904,1.0981367362102943
2.37,0.5089303034965351,0.6022032609221206,0.9474627332752159,5.310089521476164,4.587433630241359,7.731304653301666,4.818027594482354,-25.599061195745136,1.0936095409945523
2.375,0.507452266829442,0.6005079892422376,0.9445442729802636,5.292690832190889,4.572056188357513,7.703431768699863,4.802205315416871,-25.513161158140573,1.0902725619407516
2.38,0.5067745452253989,0.5997905812129992,0.9432498572616155,5.277819823724927,4.558363799571063,7.678683306034216,4.7885795411119645,-25.442026475207797,1.0887650574859775
2.3850000000000002,0.5070655955651796,0.6002397122412321,0.9439214643178767,5.26754735554427,4.547981816011516,7.659788467658882,4.77893662804849,-25.3949470653778,1.0894660584017484
2.39,0.5086671833501432,0.6022722389019796,0.9472084040067691,5.264228301428433,4.542759840435829,7.649838543061921,4.775318757695232,-25.38341021864776,1.0931169749717498
2.395,0.511586930899152,0.6058849416102592,0.9531100231575022,5.26948311426896,4.544102181243335,7.651102255479383,4.779165011814829,-25.414150129898715,1.0997156930501986
2.4,0.515891044916627,0.6111503306451881,0.9617394878810541,5.284967264168364,4.553429653207141,7.665868152950043,4.791944863606867,-25.494389499420556,1.109398722643176
